"""HeNR (Jacobi)"" 	NNR 	MRCI1"
"1.0499999999999998 	0.7 	-2973.158463833257"
"1.1 	0.8 	-2995.922053837407"
"1.15 	0.9 	-3008.059005898351"
"1.2 	1 	-3014.2057500674255"
"1.25 	1.1 	-3016.965102640969"
"1.2999999999999998 	1.2 	-3017.8324686127958"
"1.35 	1.3 	-3017.6903570966633"
"1.4 	1.4 	-3017.076408135576"
"1.45 	1.5 	-3017.007489832674"
"1.5 	1.6 	-3017.9445659590297"
"1.5499999999999998 	1.7 	-3018.5967278836606"
"1.6 	1.8 	-3019.0136119141916"
"1.65 	1.9 	-3019.3565816294968"
"1.7 	2 	-3018.403077983315"
"1.75 	2.1 	-3018.535197474799"
"1.8 	2.2 	-3018.6087498784577"
"1.8499999999999999 	2.3 	-3018.6413464098455"
"1.9 	2.4 	-3018.6461056830235"
"1.95 	2.5 	-3018.632589782581"
"2 	2.6 	-3018.6075770672855"
"2.05 	2.7 	-3018.5757478972673"
"2.0999999999999996 	2.8 	-3018.54028600587"
"2.15 	2.9 	-3018.5033438145247"
"2.2 	3 	-3018.466352642666"
"2.25 	3.1 	-3018.430245841181"
"2.3 	3.2 	-3018.395592128248"
"2.3499999999999996 	3.3 	-3018.362701713782"
"2.4 	3.4 	-3018.331707933624"
"2.45 	3.5 	-3018.302618951193"
"2.5 	3.6 	-3018.275364016859"
"2.55 	3.7 	-3018.249845169597"
"2.5999999999999996 	3.8 	-3018.2259317947037"
"2.65 	3.9 	-3018.203506883178"
"2.7 	4 	-3018.182447983736"
"2.75 	4.1 	-3018.1626571353527"
"2.8 	4.2 	-3018.1440581461184"
"2.8499999999999996 	4.3 	-3018.1265639395656"
"2.9000000000000004 	4.4 	-3018.110122814042"
"2.95 	4.5 	-3018.094672183336"
"3 	4.6 	-3018.080165788075"
"3.05 	4.7 	-3018.0665492054673"
"3.0999999999999996 	4.8 	-3018.053765291579"
"3.2 	5 	-3018.0902340046323"
"1.15 	0.7 	-2977.073375553583"
"1.2000000000000002 	0.8 	-2999.7781998267155"
"1.25 	0.9 	-3011.8995978536486"
"1.3 	1 	-3018.0572102543256"
"1.35 	1.1 	-3020.840236742476"
"1.4 	1.2 	-3021.7392386834085"
"1.4500000000000002 	1.3 	-3021.6387959781246"
"1.5 	1.4 	-3021.052616246757"
"1.55 	1.5 	-3021.953961088894"
"1.6 	1.6 	-3022.6851449077994"
"1.65 	1.7 	-3023.201802243271"
"1.7000000000000002 	1.8 	-3023.5201837410596"
"1.75 	1.9 	-3023.824360890084"
"1.8 	2 	-3022.8551644317718"
"1.85 	2.1 	-3022.975833367777"
"1.9000000000000001 	2.2 	-3023.0429720453744"
"1.95 	2.3 	-3023.0723630743023"
"2 	2.4 	-3023.0760284493567"
"2.05 	2.5 	-3023.0628091531316"
"2.1 	2.6 	-3023.038996460404"
"2.1500000000000004 	2.7 	-3023.008938752272"
"2.2 	2.8 	-3022.975593907491"
"2.25 	2.9 	-3022.940961963675"
"2.3 	3 	-3022.9063681158127"
"2.35 	3.1 	-3022.8726586383245"
"2.4000000000000004 	3.2 	-3022.8403532688744"
"2.45 	3.3 	-3022.8097268425636"
"2.5 	3.4 	-3022.7808827626977"
"2.55 	3.5 	-3022.753815586997"
"2.6500000000000004 	3.7 	-3022.704688132478"
"2.7 	3.8 	-3022.682401999072"
"2.75 	3.9 	-3022.66148459889"
"2.8 	4 	-3022.641824365208"
"2.8499999999999996 	4.1 	-3022.6233342215583"
"2.9000000000000004 	4.2 	-3022.6059570240086"
"2.95 	4.3 	-3022.589608417232"
"3 	4.4 	-3022.574242141854"
"3.05 	4.5 	-3022.559811938502"
"3.0999999999999996 	4.6 	-3022.5462661055235"
"3.1500000000000004 	4.7 	-3022.5335529412655"
"3.2 	4.8 	-3022.521620744076"
"3.25 	4.9 	-3022.5104096488826"
"3.3 	5 	-3024.1166439378735"
"1.25 	0.7 	-2978.3809266744215"
"1.3 	0.8 	-3001.0426154424563"
"1.35 	0.9 	-3013.1630882819222"
"1.4 	1 	-3019.347457648384"
"1.4500000000000002 	1.1 	-3022.177002018167"
"1.5 	1.2 	-3023.1734071514406"
"1.55 	1.3 	-3023.7097628165484"
"1.6 	1.4 	-3024.3292329699048"
"1.65 	1.5 	-3024.7969125135355"
"1.7000000000000002 	1.6 	-3025.2197041381605"
"1.75 	1.7 	-3025.57484823208"
"1.8 	1.8 	-3025.82366379574"
"1.85 	1.9 	-3025.92350512917"
"1.9 	2 	-3024.9540637682926"
"1.9500000000000002 	2.1 	-3025.059989569891"
"2 	2.2 	-3025.119574363931"
"2.1 	2.4 	-3025.149471524826"
"2.15 	2.5 	-3025.137988315672"
"2.2 	2.6 	-3025.1170818000483"
"2.25 	2.7 	-3025.0906377653187"
"2.3 	2.8 	-3025.061306601462"
"2.35 	2.9 	-3025.030867933785"
"2.4 	3 	-3025.000502736877"
"2.5 	3.2 	-3024.94270573156"
"2.55 	3.3 	-3024.9159542080542"
"2.6 	3.4 	-3024.8907918300806"
"2.65 	3.5 	-3024.8671968285225"
"2.7 	3.6 	-3024.84509573261"
"2.75 	3.7 	-3024.8243987447363"
"2.8 	3.8 	-3024.8049861347586"
"2.85 	3.9 	-3024.7867681050698"
"2.9 	4 	-3024.7696521369226"
"2.9499999999999997 	4.1 	-3024.753564759548"
"3 	4.2 	-3024.738448829015"
"3.1 	4.4 	-3024.7109000116034"
"3.15 	4.5 	-3024.6983800482576"
"1.35 	0.7 	-2978.293599862058"
"1.4 	0.8 	-3000.853841824292"
"1.45 	0.9 	-3013.77012826954"
"1.5 	1 	-3020.595913780313"
"1.55 	1.1 	-3024.042261586634"
"1.6 	1.2 	-3025.737545169362"
"1.65 	1.3 	-3026.3884608120516"
"1.7 	1.4 	-3026.622642086888"
"1.8 	1.6 	-3026.8308446418678"
"1.85 	1.7 	-3026.9453801291925"
"1.9 	1.8 	-3027.0546828650467"
"1.95 	1.9 	-3026.929358059169"
"2 	2 	-3026.676996850598"
"2.05 	2.1 	-3026.076539299697"
"2.1 	2.2 	-3026.1262844529074"
"2.15 	2.3 	-3026.1488671905304"
"2.2 	2.4 	-3026.152464537095"
"2.25 	2.5 	-3026.143463007265"
"2.3 	2.6 	-3026.1265266343325"
"2.35 	2.7 	-3026.104937112667"
"2.4 	2.8 	-3026.0809284978877"
"2.45 	2.9 	-3026.0560219070376"
"2.5 	3 	-3026.031207834934"
"2.55 	3.1 	-3026.0071230282456"
"2.6 	3.2 	-3025.9841375619603"
"2.7 	3.4 	-3025.94206330131"
"2.75 	3.5 	-3025.9230071606216"
"2.8 	3.6 	-3025.9051918595947"
"2.9 	3.8 	-3025.872927307239"
"2.95 	3.9 	-3025.8583120663934"
"3.45 	4.9 	-3025.753390365311"
"1.4500000000000002 	0.7 	-2979.160573989781"
"1.5 	0.8 	-3002.9523329898716"
"1.55 	0.9 	-3015.806999228651"
"1.6 	1 	-3022.728767496887"
"1.7000000000000002 	1.2 	-3027.6512464651664"
"1.75 	1.3 	-3028.1894579474883"
"1.8 	1.4 	-3028.2595599461215"
"1.85 	1.5 	-3028.156045074217"
"1.9000000000000001 	1.6 	-3028.0294250058846"
"1.9500000000000002 	1.7 	-3027.9786648676"
"2 	1.8 	-3027.8637620264276"
"2.05 	1.9 	-3027.796669608204"
"2.1 	2 	-3026.5769078934627"
"2.1500000000000004 	2.1 	-3026.638811098451"
"2.2 	2.2 	-3026.676017240338"
"2.25 	2.3 	-3026.693557706264"
"2.3 	2.4 	-3026.696804025819"
"2.35 	2.5 	-3026.6903467615243"
"2.4000000000000004 	2.6 	-3026.677715231455"
"2.45 	2.7 	-3026.6614455377266"
"2.5 	2.8 	-3026.643295536528"
"2.55 	2.9 	-3026.624462529287"
"2.6 	3 	-3026.60574108877"
"2.6500000000000004 	3.1 	-3026.5876264623867"
"2.7 	3.2 	-3026.570401648655"
"2.75 	3.3 	-3026.554208146836"
"2.8 	3.4 	-3026.539081331744"
"2.85 	3.5 	-3026.524980386285"
"2.9000000000000004 	3.6 	-3026.511848166527"
"2.95 	3.7 	-3026.4996084805616"
"3 	3.8 	-3026.48817697306"
"3.05 	3.9 	-3026.4774801732533"
"3.1 	4 	-3026.467469100628"
"3.3000000000000003 	4.4 	-3026.433253491172"
"3.5 	4.8 	-3026.40661081325"
"3.5500000000000003 	4.9 	-3026.4008855355105"
"1.5499999999999998 	0.7 	-2980.4265134437037"
"1.6 	0.8 	-3004.1961414153457"
"1.65 	0.9 	-3017.1625077139765"
"1.7 	1 	-3023.8549029610667"
"1.75 	1.1 	-3027.3896986892714"
"1.7999999999999998 	1.2 	-3028.9007148610294"
"1.85 	1.3 	-3029.401763739698"
"1.9 	1.4 	-3029.4064440998272"
"1.95 	1.5 	-3029.2774593611734"
"2.05 	1.7 	-3028.9339671870634"
"2.1 	1.8 	-3028.807061399072"
"2.15 	1.9 	-3028.7753274689403"
"2.2 	2 	-3026.977059636532"
"2.25 	2.1 	-3027.010507884618"
"2.3 	2.2 	-3027.0331640930112"
"2.3499999999999996 	2.3 	-3027.0446445810258"
"2.45 	2.5 	-3027.0427833215326"
"2.5 	2.6 	-3027.034236222017"
"2.55 	2.7 	-3027.0230931553147"
"2.5999999999999996 	2.8 	-3027.010605845644"
"2.65 	2.9 	-3026.9976396154025"
"2.7 	3 	-3026.984776788466"
"2.8 	3.2 	-3026.9606647703818"
"2.8499999999999996 	3.3 	-3026.949717625731"
"2.9 	3.4 	-3026.939559611567"
"2.95 	3.5 	-3026.9301471896556"
"3 	3.6 	-3026.921428658345"
"3.05 	3.7 	-3026.9133359891453"
"3.0999999999999996 	3.8 	-3026.9057984324254"
"3.45 	4.5 	-3026.8648833772495"
"3.55 	4.7 	-3026.85608865403"
"3.5999999999999996 	4.8 	-3026.852055925128"
"3.6500000000000004 	4.9 	-3026.8482408873947"
"3.7 	5 	-3026.8446272139927"
"1.65 	0.7 	-2981.1171468401403"
"1.75 	0.9 	-3017.8825049279444"
"1.8 	1 	-3024.616155372662"
"1.85 	1.1 	-3028.1823530519664"
"1.9 	1.2 	-3029.7123464513647"
"1.9500000000000002 	1.3 	-3030.1808368945995"
"2 	1.4 	-3030.255872319345"
"2.05 	1.5 	-3030.1024109298996"
"2.1 	1.6 	-3029.873663770864"
"2.15 	1.7 	-3029.6464731036854"
"2.2 	1.8 	-3029.4448393797243"
"2.25 	1.9 	-3029.3109348206553"
"2.3 	2 	-3029.2747246158656"
"2.35 	2.1 	-3027.2898138176074"
"2.4000000000000004 	2.2 	-3027.29747110447"
"2.45 	2.3 	-3027.302663038846"
"2.55 	2.5 	-3027.3014983910925"
"2.6 	2.6 	-3027.296537753584"
"2.6500000000000004 	2.7 	-3027.2899226631916"
"2.7 	2.8 	-3027.282420481287"
"2.75 	2.9 	-3027.2745890414894"
"2.8 	3 	-3027.2668283513217"
"2.85 	3.1 	-3027.2593860344887"
"2.95 	3.3 	-3027.2459463259543"
"3 	3.4 	-3027.2400087993256"
"3.05 	3.5 	-3027.234555635547"
"3.1 	3.6 	-3027.2295460175255"
"3.1500000000000004 	3.7 	-3027.2249146379086"
"3.4000000000000004 	4.2 	-3027.2060598615512"
"1.75 	0.7 	-2981.4422032933926"
"1.7999999999999998 	0.8 	-3005.188355993619"
"1.8499999999999999 	0.9 	-3018.2765830874046"
"1.9 	1 	-3025.0806865577647"
"1.95 	1.1 	-3028.684316233544"
"2 	1.2 	-3030.214818486049"
"2.05 	1.3 	-3030.752453086774"
"2.0999999999999996 	1.4 	-3030.833725363506"
"2.15 	1.5 	-3030.672337294376"
"2.2 	1.6 	-3030.422215583704"
"2.3499999999999996 	1.9 	-3029.708798085313"
"2.4 	2 	-3029.6050083783084"
"2.45 	2.1 	-3027.508623374787"
"2.5 	2.2 	-3027.502549791178"
"2.55 	2.3 	-3027.5020763128855"
"2.5999999999999996 	2.4 	-3027.502212369866"
"2.65 	2.5 	-3027.501401470262"
"2.7 	2.6 	-3027.4994395286035"
"2.75 	2.7 	-3027.496582332013"
"2.8 	2.8 	-3027.4931781863606"
"2.8499999999999996 	2.9 	-3027.489534580423"
"2.9 	3 	-3027.485893695625"
"2.95 	3.1 	-3027.4824188003427"
"3 	3.2 	-3027.479207855603"
"3.05 	3.3 	-3027.476290793941"
"3.0999999999999996 	3.4 	-3027.473662173078"
"3.15 	3.5 	-3027.471297502757"
"3.2 	3.6 	-3027.4691559658836"
"3.25 	3.7 	-3027.467199466504"
"3.3 	3.8 	-3027.4653844663844"
"3.3499999999999996 	3.9 	-3027.463710965524"
"3.4 	4 	-3027.46213270455"
"1.85 	0.7 	-2981.48603813137"
"1.9 	0.8 	-3005.33208386668"
"1.95 	0.9 	-3018.4792508444175"
"2 	1 	-3025.4670774978263"
"2.05 	1.1 	-3029.010240730332"
"2.1 	1.2 	-3030.505713752637"
"2.15 	1.3 	-3031.1379841467187"
"2.2 	1.4 	-3031.2273164389753"
"2.25 	1.5 	-3031.064314734057"
"2.3 	1.6 	-3030.8040594994777"
"2.4 	1.8 	-3030.2559757226504"
"2.45 	1.9 	-3029.999519198966"
"2.5 	2 	-3029.841548881187"
"2.55 	2.1 	-3027.6781149976755"
"2.65 	2.3 	-3027.6557798837566"
"2.7 	2.4 	-3027.6551730696233"
"2.75 	2.5 	-3027.655690086149"
"2.8 	2.6 	-3027.656166285581"
"2.85 	2.7 	-3027.656291458003"
"2.9 	2.8 	-3027.6560873725325"
"2.95 	2.9 	-3027.6556764804513"
"3 	3 	-3027.6551866753216"
"3.05 	3.1 	-3027.654724081588"
"3.1 	3.2 	-3027.654343122042"
"3.15 	3.3 	-3027.6540682869418"
"3.2 	3.4 	-3027.6538968551463"
"3.25 	3.5 	-3027.6538043363994"
"3.3 	3.6 	-3027.653766240445"
"3.35 	3.7 	-3027.653760798166"
"3.4 	3.8 	-3027.653758077026"
"3.45 	3.9 	-3027.653777125003"
"3.5 	4 	-3027.6537716827243"
"3.55 	4.1 	-3027.653758077026"
"1.9500000000000002 	0.7 	-2981.4753250047256"
"2 	0.8 	-3005.3705580596256"
"2.0500000000000003 	0.9 	-3018.5703818099564"
"2.1 	1 	-3025.625461428826"
"2.1500000000000004 	1.1 	-3029.2209195223572"
"2.2 	1.2 	-3030.8493637528445"
"2.25 	1.3 	-3031.3740919883994"
"2.3 	1.4 	-3031.492545916762"
"2.35 	1.5 	-3031.3307551189705"
"2.4000000000000004 	1.6 	-3031.0662467431803"
"2.45 	1.7 	-3030.7774902923256"
"2.5 	1.8 	-3030.4967312707845"
"2.55 	1.9 	-3030.2091340254037"
"2.6 	2 	-3030.0099683750686"
"2.6500000000000004 	2.1 	-3029.8813645959603"
"2.7 	2.2 	-3027.7795672457546"
"2.75 	2.3 	-3027.7713711732495"
"2.85 	2.5 	-3027.7720759484087"
"2.9000000000000004 	2.6 	-3027.774478714684"
"2.95 	2.7 	-3027.776895086658"
"3.05 	2.9 	-3027.7810965262156"
"3.1500000000000004 	3.1 	-3027.784653055686"
"3.2 	3.2 	-3027.786318393127"
"3.25 	3.3 	-3027.7879429134746"
"3.3 	3.4 	-3027.7895184533086"
"3.35 	3.5 	-3027.79104229149"
"3.4000000000000004 	3.6 	-3027.792495380042"
"3.45 	3.7 	-3027.7938668344054"
"3.5 	3.8 	-3027.7951512123013"
"3.55 	3.9 	-3027.7963539560087"
"3.6 	4 	-3027.7974641809697"
"2.05 	0.7 	-2981.421304941188"
"2.1 	0.8 	-3005.3604000454616"
"2.15 	0.9 	-3018.5820854314193"
"2.2 	1 	-3025.6982328654167"
"2.25 	1.1 	-3029.3386224161873"
"2.3 	1.2 	-3030.9936195269897"
"2.35 	1.3 	-3031.5282853644"
"2.4 	1.4 	-3031.6638280495135"
"2.45 	1.5 	-3031.5059720195977"
"2.5 	1.6 	-3031.2415371145776"
"2.55 	1.7 	-3030.9493411432554"
"2.6 	1.8 	-3030.6631616116115"
"2.65 	1.9 	-3030.3574878358013"
"2.7 	2 	-3030.127722970552"
"2.75 	2.1 	-3029.975616708632"
"2.8 	2.2 	-3029.858768252639"
"2.8499999999999996 	2.3 	-3029.7627419569417"
"2.9 	2.4 	-3027.8546298818965"
"2.95 	2.5 	-3027.8572965987146"
"3 	2.6 	-3027.861206876334"
"3.05 	2.7 	-3027.865340287402"
"3.0999999999999996 	2.8 	-3027.8693240357907"
"3.15 	2.9 	-3027.8730574393353"
"3.2 	3 	-3027.876548661455"
"3.25 	3.1 	-3027.8798303558247"
"3.3 	3.2 	-3027.882940618399"
"3.3499999999999996 	3.3 	-3027.8858903337364"
"3.4 	3.4 	-3027.8886903863954"
"3.45 	3.5 	-3027.8913353340963"
"3.5 	3.6 	-3027.8938224556996"
"3.55 	3.7 	-3027.8961517512057"
"3.5999999999999996 	3.8 	-3027.8983286628936"
"3.65 	3.9 	-3027.9003586330427"
"3.7 	4 	-3027.902247103932"
"3.75 	4.1 	-3027.9040022389804"
"2.15 	0.7 	-2981.352827462902"
"2.2 	0.8 	-3005.3297001483816"
"2.25 	0.9 	-3018.5095616185336"
"2.3 	1 	-3025.6790243409096"
"2.35 	1.1 	-3029.3624813682877"
"2.4 	1.2 	-3031.0479960598163"
"2.45 	1.3 	-3031.6460018639286"
"2.5 	1.4 	-3031.761995882084"
"2.55 	1.5 	-3031.6120855798295"
"2.6 	1.6 	-3031.352192256818"
"2.65 	1.7 	-3031.061267057694"
"2.7 	1.8 	-3030.7743582606345"
"2.75 	1.9 	-3030.459794521719"
"2.8 	2 	-3030.207702705969"
"2.85 	2.1 	-3030.038741705305"
"2.9000000000000004 	2.2 	-3029.9075337955896"
"2.95 	2.3 	-3029.7988705275434"
"3 	2.4 	-3029.707576293628"
"3.05 	2.5 	-3029.6309217908147"
"3.1 	2.6 	-3027.9228951112927"
"3.1500000000000004 	2.7 	-3027.9283020156977"
"3.2 	2.8 	-3027.933572863122"
"3.25 	2.9 	-3027.9385471063297"
"3.3 	3 	-3027.9432138607604"
"3.35 	3.1 	-3027.947586732114"
"3.4000000000000004 	3.2 	-3027.951701095204"
"3.45 	3.3 	-3027.9555732768695"
"3.5 	3.4 	-3027.959216882807"
"3.55 	3.5 	-3027.9626346341574"
"3.6 	3.6 	-3027.9658374154783"
"3.6500000000000004 	3.7 	-3027.9688252267697"
"3.7 	3.8 	-3027.9716198371493"
"3.75 	3.9 	-3027.974223967756"
"3.8 	4 	-3027.9766512242886"
"2.25 	0.7 	-2981.2755062808837"
"2.3 	0.8 	-3005.28617552032"
"2.35 	0.9 	-3018.402190891802"
"2.4 	1 	-3025.5323059354178"
"2.45 	1.1 	-3029.279394091436"
"2.5 	1.2 	-3031.009902826416"
"2.55 	1.3 	-3031.5917749937803"
"2.65 	1.5 	-3031.6624184991956"
"2.7 	1.6 	-3031.4125716236244"
"2.75 	1.7 	-3031.127853343951"
"2.8 	1.8 	-3030.844294269751"
"2.8499999999999996 	1.9 	-3030.5276270899167"
"2.9 	2 	-3030.259725453033"
"2.95 	2.1 	-3030.0789628698803"
"3 	2.2 	-3029.9374690524396"
"3.0999999999999996 	2.4 	-3029.719992853669"
"3.15 	2.5 	-3029.6365028481546"
"3.2 	2.6 	-3029.56683078958"
"3.3 	2.8 	-3027.9780662168855"
"3.4 	3 	-3027.9894188113385"
"3.45 	3.1 	-3027.9945590440616"
"3.5 	3.2 	-3027.9993700188925"
"3.55 	3.3 	-3028.0038816683655"
"3.5999999999999996 	3.4 	-3028.00810759818"
"3.65 	3.5 	-3028.0120614140333"
"3.7 	3.6 	-3028.015756721624"
"3.75 	3.7 	-3028.0192044055098"
"3.8 	3.8 	-3028.0224262348074"
"3.8499999999999996 	3.9 	-3028.0254330940766"
"3.9 	4 	-3028.028235867875"
"3.9499999999999997 	4.1 	-3028.0308563253197"
"4 	4.2 	-3028.0332999086895"
"2.35 	0.7 	-2981.175849984947"
"2.4 	0.8 	-3005.210443483834"
"2.45 	0.9 	-3018.3308943128804"
"2.5 	1 	-3025.4885391259304"
"2.55 	1.1 	-3029.067920726645"
"2.6 	1.2 	-3030.8725560257403"
"2.65 	1.3 	-3031.6214136464127"
"2.7 	1.4 	-3031.7786138816823"
"2.75 	1.5 	-3031.6632974272898"
"2.8 	1.6 	-3031.4304114149077"
"2.85 	1.7 	-3031.1579491480375"
"2.9 	1.8 	-3030.88233035922"
"2.95 	1.9 	-3030.5694183520473"
"3 	2 	-3030.291067539061"
"3.1 	2.2 	-3029.953602689187"
"3.15 	2.3 	-3029.828868370604"
"3.2 	2.4 	-3029.7232691057593"
"3.25 	2.5 	-3029.6346198195447"
"3.3 	2.6 	-3029.560915032068"
"3.35 	2.7 	-3029.4998635437782"
"3.45 	2.9 	-3029.4074209889473"
"3.55 	3.1 	-3028.0263337912875"
"3.6 	3.2 	-3028.031634571248"
"3.65 	3.3 	-3028.0365924876173"
"3.7 	3.4 	-3028.0412238672334"
"3.75 	3.5 	-3028.0455504792135"
"3.8 	3.6 	-3028.0495913715345"
"3.85 	3.7 	-3028.053360149894"
"3.9 	3.8 	-3028.056884025689"
"3.95 	3.9 	-3028.060171162338"
"4 	4 	-3028.0632406078184"
"2.45 	0.7 	-2981.004235873163"
"2.5500000000000003 	0.9 	-3018.422515083549"
"2.6 	1 	-3025.5883341999875"
"2.6500000000000004 	1.1 	-3029.1979558251883"
"2.7 	1.2 	-3030.776907968449"
"2.8 	1.4 	-3031.703861455456"
"2.85 	1.5 	-3031.615750954884"
"2.9000000000000004 	1.6 	-3031.4074885348327"
"2.95 	1.7 	-3031.154904192814"
"3.05 	1.9 	-3030.590705827216"
"3.1 	2 	-3030.3066787170033"
"3.1500000000000004 	2.1 	-3030.1129771150054"
"3.2 	2.2 	-3029.959238169319"
"3.25 	2.3 	-3029.8296057994385"
"3.3 	2.4 	-3029.7195384233537"
"3.35 	2.5 	-3029.6271557335945"
"3.5 	2.8 	-3029.4357262831704"
"3.55 	2.9 	-3029.392900987988"
"3.6 	3 	-3029.3575914804087"
"3.6500000000000004 	3.1 	-3029.3285895744452"
"3.7 	3.2 	-3028.0529873537675"
"3.75 	3.3 	-3028.0582554800526"
"3.8 	3.4 	-3028.0631753004677"
"3.85 	3.5 	-3028.0677658629893"
"3.9000000000000004 	3.6 	-3028.0720516578754"
"4 	3.8 	-3028.079785136647"
"4.05 	3.9 	-3028.083273637627"
"4.1 	4 	-3028.0865362840195"
"4.15 	4.1 	-3028.0895839603827"
"4.2 	4.2 	-3028.092438435833"
"4.25 	4.3 	-3028.0951078737908"
"2.5500000000000003 	0.7 	-2981.036375253097"
"2.6 	0.8 	-3005.03387417682"
"2.6500000000000004 	0.9 	-3018.4739282953406"
"2.7 	1 	-3025.649004728732"
"2.75 	1.1 	-3029.267178895727"
"2.8000000000000003 	1.2 	-3030.8689124198027"
"2.85 	1.3 	-3031.360040023453"
"2.9000000000000004 	1.4 	-3031.577927114305"
"2.95 	1.5 	-3031.5189518555376"
"3 	1.6 	-3031.340763470456"
"3.0500000000000003 	1.7 	-3031.1162395200954"
"3.1 	1.8 	-3030.876390111451"
"3.1500000000000004 	1.9 	-3030.5938650703033"
"3.2 	2 	-3030.3090787621395"
"3.25 	2.1 	-3030.112854663723"
"3.3000000000000003 	2.2 	-3029.9557551106186"
"3.35 	2.3 	-3029.82254716329"
"3.4000000000000004 	2.4 	-3029.709230746511"
"3.45 	2.5 	-3029.6143146757745"
"3.5500000000000003 	2.7 	-3029.4722657458533"
"3.6 	2.8 	-3029.4200878938314"
"3.6500000000000004 	2.9 	-3029.377210896997"
"3.7 	3 	-3029.3418469666253"
"3.75 	3.1 	-3029.3126926768437"
"3.8000000000000003 	3.2 	-3029.288724879159"
"3.85 	3.3 	-3029.2690564820577"
"3.9000000000000004 	3.4 	-3028.077415024047"
"3.95 	3.5 	-3028.0821960663416"
"4 	3.6 	-3028.086656014162"
"4.050000000000001 	3.7 	-3028.0908166366257"
"4.15 	3.9 	-3028.0983460299267"
"4.2 	4 	-3028.1017447332997"
"4.25 	4.1 	-3028.1049230243643"
"2.65 	0.7 	-2981.050361910692"
"2.6999999999999997 	0.8 	-3005.039691973306"
"2.8 	1 	-3025.6869292514766"
"2.8499999999999996 	1.1 	-3029.308959273299"
"2.9 	1.2 	-3030.9188752641817"
"2.9499999999999997 	1.3 	-3031.3943590362146"
"3 	1.4 	-3031.4091021706213"
"3.05 	1.5 	-3031.3749328205386"
"3.0999999999999996 	1.6 	-3031.2256374958365"
"3.15 	1.7 	-3031.033269252247"
"3.1999999999999997 	1.8 	-3030.8220870493938"
"3.25 	1.9 	-3030.5773804065457"
"3.3499999999999996 	2.1 	-3029.938739824637"
"3.4 	2.2 	-3029.7713870174825"
"3.4499999999999997 	2.3 	-3029.805629838335"
"3.5 	2.4 	-3029.6900603179583"
"3.55 	2.5 	-3029.5937727928585"
"3.5999999999999996 	2.6 	-3029.515243424854"
"3.65 	2.7 	-3029.451957880944"
"3.6999999999999997 	2.8 	-3029.400898417302"
"3.8 	3 	-3029.3249786221827"
"3.8499999999999996 	3.1 	-3029.296580809213"
"3.9 	3.2 	-3029.2730619995637"
"3.9499999999999997 	3.3 	-3029.2536303416086"
"4 	3.4 	-3029.2376028293056"
"4.05 	3.5 	-3028.0913581434083"
"4.1 	3.6 	-3028.095945984791"
"4.15 	3.7 	-3028.1002290585366"
"4.199999999999999 	3.8 	-3028.1042372971824"
"4.25 	3.9 	-3028.107978864146"
"4.3 	4 	-3028.1114782496843"
"2.75 	0.7 	-2981.057069519831"
"2.8 	0.8 	-3005.041814462202"
"2.9 	1 	-3025.7105759546876"
"2.95 	1.1 	-3029.3346250621003"
"3 	1.2 	-3030.9481465629665"
"3.05 	1.3 	-3031.4389993315167"
"3.15 	1.5 	-3031.2001921193432"
"3.2 	1.6 	-3031.058232987029"
"3.25 	1.7 	-3030.8866297598033"
"3.3 	1.8 	-3030.6903675654326"
"3.3499999999999996 	1.9 	-3030.5334122327276"
"3.4 	2 	-3030.0160174684215"
"3.45 	2.1 	-3029.809480250883"
"3.5 	2.2 	-3029.6487289284223"
"3.55 	2.3 	-3029.7691774521195"
"3.65 	2.5 	-3029.5567816210005"
"3.7 	2.6 	-3029.479914869297"
"3.75 	2.7 	-3029.41947019514"
"3.8 	2.8 	-3029.372013520342"
"3.8499999999999996 	2.9 	-3029.3341434203894"
"3.9 	3 	-3029.303195899605"
"3.95 	3.1 	-3029.277429428638"
"4 	3.2 	-3029.255796368738"
"4.05 	3.3 	-3029.237635482981"
"4.1 	3.4 	-3029.2224215914216"
"4.15 	3.5 	-3028.8735796568385"
"4.2 	3.6 	-3028.8615930368564"
"4.25 	3.7 	-3028.1060795086983"
"4.3 	3.8 	-3028.110174823811"
"4.35 	3.9 	-3028.113995303824"
"4.4 	4 	-3028.1175708812716"
"2.85 	0.7 	-2981.0597035829733"
"2.9 	0.8 	-3005.0417083377574"
"2.95 	0.9 	-3018.5253142957354"
"3 	1 	-3025.725120445903"
"3.05 	1.1 	-3029.350317874231"
"3.1 	1.2 	-3030.966274795049"
"3.15 	1.3 	-3031.4558785605177"
"3.2 	1.4 	-3031.552174249036"
"3.25 	1.5 	-3031.420890147412"
"3.3 	1.6 	-3031.1974682585933"
"3.35 	1.7 	-3030.800304326816"
"3.4 	1.8 	-3030.409559563378"
"3.45 	1.9 	-3030.168703333078"
"3.5 	2 	-3029.935128872375"
"3.55 	2.1 	-3029.748951221398"
"3.6 	2.2 	-3029.594692538047"
"3.65 	2.3 	-3029.459408361196"
"3.7 	2.4 	-3029.552961140988"
"3.75 	2.5 	-3029.46126145727"
"3.8 	2.6 	-3029.389085950255"
"3.85 	2.7 	-3029.334706696289"
"3.9 	2.8 	-3029.2957127656773"
"3.95 	2.9 	-3029.269124510548"
"4 	3 	-3029.2507350490637"
"4.05 	3.1 	-3029.2363130091308"
"4.1 	3.2 	-3029.223417528519"
"4.15 	3.3 	-3028.887092836142"
"4.2 	3.4 	-3028.8722326927314"
"4.25 	3.5 	-3028.85933449098"
"4.3 	3.6 	-3028.848161491742"
"4.35 	3.7 	-3028.8488145652477"
"4.4 	3.8 	-3028.840468830064"
"4.45 	3.9 	-3028.11764979432"
"2.95 	0.7 	-2981.0600464465642"
"3 	0.8 	-3005.0403232776957"
"3.0500000000000003 	0.9 	-3018.529630023157"
"3.1 	1 	-3025.7338607463303"
"3.1500000000000004 	1.1 	-3029.3597194115837"
"3.2 	1.2 	-3030.976234166021"
"3.25 	1.3 	-3031.4850736673934"
"3.35 	1.5 	-3031.5140048237263"
"3.4000000000000004 	1.6 	-3031.243975255668"
"3.45 	1.7 	-3030.7940565902713"
"3.5 	1.8 	-3030.4208332447824"
"3.55 	1.9 	-3030.2121354423934"
"3.6 	2 	-3029.9649008608476"
"3.6500000000000004 	2.1 	-3029.7716509680245"
"3.7 	2.2 	-3029.6128860774793"
"3.75 	2.3 	-3029.4747038869436"
"3.8 	2.4 	-3029.388783903758"
"3.85 	2.5 	-3029.2864663332825"
"3.9000000000000004 	2.6 	-3029.2002007653664"
"3.95 	2.7 	-3029.1283409105454"
"4 	2.8 	-3029.068960201976"
"4.05 	2.9 	-3029.020137515093"
"4.1 	3 	-3028.980147647385"
"4.15 	3.1 	-3028.947488529786"
"4.2 	3.2 	-3028.9111504314337"
"4.25 	3.3 	-3028.893963713657"
"4.3 	3.4 	-3028.87900833036"
"4.35 	3.5 	-3028.8660366578397"
"4.4 	3.6 	-3028.8548065146692"
"4.45 	3.7 	-3028.845094767401"
"4.5 	3.8 	-3028.8369422331293"
"4.55 	3.9 	-3028.8300495864974"
"4.6 	4 	-3028.8241936940567"
"4.65 	4.1 	-3028.1269071112733"
"4.7 	4.2 	-3028.130126219432"
"4.75 	4.3 	-3028.1331439632595"
"4.800000000000001 	4.4 	-3028.1359739484537"
"3.0500000000000003 	0.7 	-2981.1777901574887"
"3.1 	0.8 	-3005.038276980709"
"3.1500000000000004 	0.9 	-3018.5319729243615"
"3.2 	1 	-3025.7389302294237"
"3.25 	1.1 	-3029.365172575362"
"3.3000000000000003 	1.2 	-3030.9823784992604"
"3.35 	1.3 	-3031.5036617720693"
"3.4000000000000004 	1.4 	-3031.657272824193"
"3.45 	1.5 	-3031.5580056512204"
"3.5 	1.6 	-3031.258642198166"
"3.5500000000000003 	1.7 	-3030.7788644678285"
"3.6500000000000004 	1.9 	-3030.2342610285623"
"3.7 	2 	-3029.9818290703615"
"3.75 	2.1 	-3029.785164147328"
"3.8000000000000003 	2.2 	-3029.6240400287406"
"3.85 	2.3 	-3029.4842850195105"
"3.9000000000000004 	2.4 	-3029.389779840855"
"3.95 	2.5 	-3029.2865642943084"
"4 	2.6 	-3029.1994252405775"
"4.050000000000001 	2.7 	-3029.1267708129903"
"4.1 	2.8 	-3029.0667179829375"
"4.15 	2.9 	-3029.0173728372497"
"4.2 	3 	-3028.9769965677165"
"4.25 	3.1 	-3028.934522299544"
"4.300000000000001 	3.2 	-3028.9147613836963"
"4.35 	3.3 	-3028.8974848683124"
"4.4 	3.4 	-3028.882458735386"
"4.45 	3.5 	-3028.8694353612127"
"4.5 	3.6 	-3028.8030749295435"
"4.550000000000001 	3.7 	-3028.7927209933273"
"4.65 	3.9 	-3028.7768812396575"
"4.7 	4 	-3028.820577299515"
"4.75 	4.1 	-3028.7655612988797"
"4.800000000000001 	4.2 	-3028.811526789172"
"3.15 	0.7 	-2977.3084983427248"
"3.1999999999999997 	0.8 	-3005.144066725327"
"3.25 	0.9 	-3018.425285203672"
"3.3 	1 	-3025.741689464988"
"3.3499999999999996 	1.1 	-3029.36818759805"
"3.4 	1.2 	-3030.9857336643995"
"3.4499999999999997 	1.3 	-3031.503814155887"
"3.5 	1.4 	-3031.6882421140945"
"3.55 	1.5 	-3031.581353029074"
"3.5999999999999996 	1.6 	-3031.2630967037076"
"3.65 	1.7 	-3030.7646029751327"
"3.6999999999999997 	1.8 	-3030.4322048872127"
"3.8 	2 	-3029.99181837387"
"3.8499999999999996 	2.1 	-3029.793319402739"
"3.9 	2.2 	-3029.630886415999"
"3.9499999999999997 	2.3 	-3029.4902524786753"
"4 	2.4 	-3029.389230170654"
"4.05 	2.5 	-3029.2854404636496"
"4.1 	2.6 	-3029.197740855159"
"4.15 	2.7 	-3029.1245802956046"
"4.199999999999999 	2.8 	-3029.0641002466327"
"4.25 	2.9 	-3029.014417679633"
"4.35 	3.1 	-3028.9361223296346"
"4.4 	3.2 	-3028.9162743373195"
"4.449999999999999 	3.3 	-3028.898932514585"
"4.5 	3.4 	-3028.8838574011456"
"4.55 	3.5 	-3028.8217283415697"
"4.6 	3.6 	-3028.8092981758314"
"4.65 	3.7 	-3028.7990367583625"
"4.699999999999999 	3.8 	-3028.7905087068243"
"4.75 	3.9 	-3028.7833711576277"
"4.8 	4 	-3028.777346554531"
"4.85 	4.1 	-3028.7722199275054"
"4.9 	4.2 	-3028.767819844756"
"4.949999999999999 	4.3 	-3028.804508970118"
"5 	4.4 	-3028.7606795744196"
"3.25 	0.7 	-2977.266394149539"
"3.3 	0.8 	-3005.033642879953"
"3.35 	0.9 	-3018.533510368241"
"3.4 	1 	-3025.7430119388387"
"3.45 	1.1 	-3029.369632523183"
"3.5 	1.2 	-3030.987366348166"
"3.5999999999999996 	1.4 	-3031.703866897735"
"3.65 	1.5 	-3031.5941968080333"
"3.7 	1.6 	-3031.2642096498075"
"3.75 	1.7 	-3030.7519143011314"
"3.8 	1.8 	-3030.4343137704104"
"3.8499999999999996 	1.9 	-3030.2542559624167"
"3.9 	2 	-3029.997734131382"
"3.95 	2.1 	-3029.798203848339"
"4 	2.2 	-3029.635030711626"
"4.05 	2.3 	-3029.4939042480323"
"4.1 	2.4 	-3029.3708924108223"
"4.15 	2.5 	-3029.28383499128"
"4.2 	2.6 	-3029.1957544232437"
"4.25 	2.7 	-3029.122245557819"
"4.3 	2.8 	-3029.0614770680486"
"4.35 	2.9 	-3029.0115632041825"
"4.4 	3 	-3028.9590941902225"
"4.45 	3.1 	-3028.9364488663878"
"4.5 	3.2 	-3028.916532845582"
"4.55 	3.3 	-3028.8991447634744"
"4.6 	3.4 	-3028.88403427522"
"4.65 	3.5 	-3028.825812772124"
"4.7 	3.6 	-3028.8134560771555"
"4.75 	3.7 	-3028.8032626881763"
"4.8 	3.8 	-3028.7947999439893"
"4.85 	3.9 	-3028.7877249810035"
"4.949999999999999 	4.1 	-3028.7766989233037"
"5 	4.2 	-3028.772361426765"
"5.05 	4.3 	-3028.768611696383"
"5.1 	4.4 	-3028.7653490499906"
"5.15 	4.5 	-3028.7624891322603"
"5.199999999999999 	4.6 	-3028.759972078121"
"3.35 	0.7 	-2977.2266138095806"
"3.4 	0.8 	-3005.031438756869"
"3.45 	0.9 	-3018.5333579844228"
"3.5 	1 	-3025.743447321176"
"3.55 	1.1 	-3029.37014137629"
"3.6 	1.2 	-3030.988185411188"
"3.65 	1.3 	-3031.479620503615"
"3.7 	1.4 	-3031.7144983901917"
"3.75 	1.5 	-3031.6015221158636"
"3.8 	1.6 	-3031.2640028431974"
"3.95 	1.9 	-3030.2586315549097"
"4 	2 	-3030.0011682095696"
"4.05 	2.1 	-3029.80105832379"
"4.1 	2.2 	-3029.6374661315767"
"4.15 	2.3 	-3029.4960729963013"
"4.2 	2.4 	-3029.372916938692"
"4.25 	2.5 	-3029.2821070676277"
"4.3 	2.6 	-3029.193748943351"
"4.35 	2.7 	-3029.1199951753615"
"4.5 	3 	-3028.9587649323294"
"4.55 	3.1 	-3028.9360543011444"
"4.6 	3.2 	-3028.9160920209656"
"4.65 	3.3 	-3028.898665842903"
"4.7 	3.4 	-3028.8835281432525"
"4.75 	3.5 	-3028.828517584897"
"4.8 	3.6 	-3028.8162180338595"
"4.85 	3.7 	-3028.8060736253938"
"4.9 	3.8 	-3028.7976598617192"
"4.95 	3.9 	-3028.790631158107"
"5 	4 	-3028.784715400595"
"5.05 	4.1 	-3028.779694898014"
"5.1 	4.2 	-3028.775403660849"
"5.15 	4.3 	-3028.77170018984"
"5.2 	4.4 	-3028.7684838028213"
"5.3 	4.6 	-3028.763196628559"
"5.35 	4.7 	-3028.7610142745916"
"5.4 	4.8 	-3028.759082265469"
"5.45 	4.9 	-3028.757370668654"
"3.45 	0.7 	-2977.1877232822744"
"3.5 	0.8 	-3005.0294115078595"
"3.5500000000000003 	0.9 	-3018.5328790638514"
"3.6 	1 	-3025.74335208129"
"3.6500000000000004 	1.1 	-3029.370081511219"
"3.7 	1.2 	-3030.988179968909"
"3.85 	1.5 	-3031.605606546418"
"3.9000000000000004 	1.6 	-3031.263450451857"
"4 	1.8 	-3030.4354348799297"
"4.05 	1.9 	-3030.2611377244903"
"4.1 	2 	-3030.003075728436"
"4.15 	2.1 	-3029.8026393059035"
"4.2 	2.2 	-3029.638823980242"
"4.25 	2.3 	-3029.497297509126"
"4.3 	2.4 	-3029.3740815864453"
"4.35 	2.5 	-3029.280428124488"
"4.4 	2.6 	-3029.1918631936014"
"4.45 	2.7 	-3029.1179271092583"
"4.5 	2.8 	-3029.056799429059"
"4.55 	2.9 	-3029.0066080089523"
"4.6 	3 	-3028.958049272612"
"4.65 	3.1 	-3028.9352869397744"
"4.7 	3.2 	-3028.915286563641"
"4.75 	3.3 	-3028.8978331741823"
"4.8 	3.4 	-3028.8452389878003"
"4.85 	3.5 	-3028.8302917679225"
"4.9 	3.6 	-3028.8180330339796"
"4.95 	3.7 	-3028.807932163747"
"5 	3.8 	-3028.799553774888"
"5.05 	3.9 	-3028.7925577249507"
"5.1 	4 	-3028.786674621114"
"5.15 	4.1 	-3028.781689493348"
"5.2 	4.2 	-3028.777428188719"
"5.25 	4.3 	-3028.7737573713853"
"5.300000000000001 	4.4 	-3028.7705736380417"
"5.35 	4.5 	-3028.7677953544994"
"5.4 	4.6 	-3028.7653544922696"
"5.45 	4.7 	-3028.7632047919774"
"5.5 	4.8 	-3028.7613054365297"
"5.550000000000001 	4.9 	-3028.759621051111"
"3.5500000000000003 	0.7 	-2977.148938879413"
"3.6 	0.8 	-3005.1381183141393"
"3.6500000000000004 	0.9 	-3018.5322640862996"
"3.75 	1.1 	-3029.369703272813"
"3.8000000000000003 	1.2 	-3030.98789424925"
"3.9000000000000004 	1.4 	-3031.7230101148916"
"3.95 	1.5 	-3031.607783458106"
"4 	1.6 	-3031.26280009949"
"4.1000000000000005 	1.8 	-3030.435260726995"
"4.15 	1.9 	-3030.262514621133"
"4.2 	2 	-3030.004044454138"
"4.25 	2.1 	-3029.803439320949"
"4.300000000000001 	2.2 	-3029.6395097074237"
"4.35 	2.3 	-3029.497923371236"
"4.45 	2.5 	-3029.2788770749103"
"4.5 	2.6 	-3029.190157039066"
"4.550000000000001 	2.7 	-3029.116084897742"
"4.65 	2.9 	-3029.004561711966"
"4.7 	3 	-3028.9571594599597"
"4.75 	3.1 	-3028.934356310028"
"4.85 	3.3 	-3028.8968481216434"
"4.9 	3.4 	-3028.846351933901"
"4.95 	3.5 	-3028.8314428099775"
"5 	3.6 	-3028.81921672971"
"5.050000000000001 	3.7 	-3028.8091430708737"
"5.1 	3.8 	-3028.8007918934104"
"5.15 	3.9 	-3028.7938230548693"
"5.2 	4 	-3028.787964441289"
"5.25 	4.1 	-3028.7830010826406"
"5.300000000000001 	4.2 	-3028.7787642682674"
"5.35 	4.3 	-3028.7751179411903"
"5.4 	4.4 	-3028.771958698103"
"5.45 	4.5 	-3028.769202183678"
"5.6 	4.8 	-3028.7815479940887"
"5.65 	4.9 	-3028.7611203990364"
"3.65 	0.7 	-2977.1098905260096"
"3.6999999999999997 	0.8 	-3005.0259393337174"
"3.75 	0.9 	-3018.531548426582"
"3.8 	1 	-3025.742396961287"
"3.8499999999999996 	1.1 	-3029.3691617660306"
"3.9 	1.2 	-3030.987358184747"
"4 	1.4 	-3031.725336689258"
"4.05 	1.5 	-3031.6088392602746"
"4.1 	1.6 	-3031.2619429405127"
"4.2 	1.8 	-3030.4348362292158"
"4.25 	1.9 	-3030.2631976271755"
"4.3 	2 	-3030.0044499039395"
"4.35 	2.1 	-3029.803760415423"
"4.4 	2.2 	-3029.6397818213845"
"4.449999999999999 	2.3 	-3029.498179158359"
"4.55 	2.5 	-3029.2774892937096"
"4.6 	2.6 	-3029.1886495277217"
"4.65 	2.7 	-3029.1144712619534"
"4.699999999999999 	2.8 	-3029.0531449385626"
"4.75 	2.9 	-3029.0027929712196"
"4.8 	3 	-3028.956220666794"
"4.85 	3.1 	-3028.9333848631873"
"4.9 	3.2 	-3028.913324621982"
"4.949999999999999 	3.3 	-3028.89582769429"
"5 	3.4 	-3028.84705670906"
"5.05 	3.5 	-3028.832174796533"
"5.1 	3.6 	-3028.8199732065214"
"5.15 	3.7 	-3028.809921316802"
"5.199999999999999 	3.8 	-3028.801591908456"
"5.25 	3.9 	-3028.794642117892"
"5.3 	4 	-3028.803787868121"
"5.35 	4.1 	-3028.783855520478"
"5.4 	4.2 	-3028.7796350329427"
"5.449999999999999 	4.3 	-3028.776007753843"
"5.5 	4.4 	-3028.7728648375933"
"5.55 	4.5 	-3028.7701273711455"
"5.6 	4.6 	-3028.7677273260097"
"5.65 	4.7 	-3028.7656184428115"
"5.699999999999999 	4.8 	-3028.7637571833184"
"5.75 	4.9 	-3028.7621108938542"
"3.75 	0.7 	-2977.0704938667363"
"3.8 	0.8 	-3005.024488966305"
"3.85 	0.9 	-3018.530838209144"
"3.9 	1 	-3025.7417874260145"
"3.95 	1.1 	-3029.3685495096183"
"4 	1.2 	-3030.9867051112406"
"4.1 	1.4 	-3031.726893181115"
"4.15 	1.5 	-3031.609241988937"
"4.2 	1.6 	-3031.2613225206815"
"4.3 	1.8 	-3030.43431649155"
"4.35 	1.9 	-3030.2634615777174"
"4.4 	2 	-3030.0045260958486"
"4.45 	2.1 	-3029.803803953657"
"4.5 	2.2 	-3029.6398117539206"
"4.55 	2.3 	-3029.4982199754536"
"4.6 	2.4 	-3029.37502582189"
"4.65 	2.5 	-3029.2762675020244"
"4.7 	2.6 	-3029.18733793843"
"4.75 	2.7 	-3029.113078038473"
"4.8 	2.8 	-3029.0516809654528"
"4.85 	2.9 	-3029.001274575317"
"4.9 	3 	-3028.9601037330176"
"4.95 	3.1 	-3028.9324351854634"
"5.05 	3.3 	-3028.8948371994716"
"5.1 	3.4 	-3028.8474920913973"
"5.15 	3.5 	-3028.832631947987"
"5.2 	3.6 	-3028.8204494059532"
"5.25 	3.7 	-3028.8104138430713"
"5.3 	3.8 	-3028.802100761563"
"5.4 	4 	-3028.7893358956526"
"5.449999999999999 	4.1 	-3028.784405190679"
"5.5 	4.2 	-3028.780198308842"
"5.55 	4.3 	-3028.7765819143006"
"5.6 	4.4 	-3028.773452603749"
"5.65 	4.5 	-3028.7707260218594"
"5.699999999999999 	4.6 	-3028.768339582422"
"5.75 	4.7 	-3028.7662415837826"
"5.8 	4.8 	-3028.764391208848"
"5.85 	4.9 	-3028.762755803942"
"3.85 	0.7 	-2977.030849583758"
"3.9 	0.8 	-3005.0232100306885"
"3.95 	0.9 	-3018.530179693358"
"4 	1 	-3025.741180611881"
"4.05 	1.1 	-3029.3679563011833"
"4.2 	1.4 	-3031.5493007256077"
"4.25 	1.5 	-3031.6093889304757"
"4.3 	1.6 	-3031.260889859484"
"4.4 	1.8 	-3030.4337777059072"
"4.45 	1.9 	-3030.2634969525325"
"4.5 	2 	-3030.004419971404"
"4.55 	2.1 	-3029.803695108072"
"4.6 	2.2 	-3029.639711071755"
"4.65 	2.3 	-3029.4981356201256"
"4.7 	2.4 	-3029.374971399098"
"4.75 	2.5 	-3029.2752062575764"
"4.8 	2.6 	-3029.1862005020726"
"4.85 	2.7 	-3029.1118752947655"
"4.9 	2.8 	-3029.0504237989526"
"4.95 	2.9 	-3028.9999738705833"
"5 	3 	-3028.958770374609"
"5.05 	3.1 	-3028.9315453728104"
"5.1 	3.2 	-3028.9114415933723"
"5.15 	3.3 	-3028.8659468602323"
"5.2 	3.4 	-3028.8477533208"
"5.25 	3.5 	-3028.8329095042272"
"5.3 	3.6 	-3028.820740567892"
"5.35 	3.7 	-3028.8107186107077"
"5.4 	3.8 	-3028.802416413758"
"5.45 	3.9 	-3028.79549111345"
"5.5 	4 	-3028.7896760381036"
"5.55 	4.1 	-3028.7847534965495"
"5.6 	4.2 	-3028.780554778131"
"5.65 	4.3 	-3028.7769492681477"
"5.7 	4.4 	-3028.7851154081172"
"5.75 	4.5 	-3028.771112423684"
"5.8 	4.6 	-3028.768734147665"
"5.85 	4.7 	-3028.7666470335844"
"5.9 	4.8 	-3028.764804822068"
"5.95 	4.9 	-3028.774756029622"
"3.95 	0.7 	-2976.9912025796402"
"4 	0.8 	-3005.022094363448"
"4.05 	0.9 	-3018.529553831248"
"4.1 	1 	-3025.7406091725634"
"4.15 	1.1 	-3029.367395746424"
"4.2 	1.2 	-3030.9854615504387"
"4.3 	1.4 	-3031.7269530461867"
"4.35 	1.5 	-3031.609225662099"
"4.4 	1.6 	-3031.2602503916755"
"4.5 	1.8 	-3030.433249804823"
"4.55 	1.9 	-3030.263382664669"
"4.6 	2 	-3030.0042186070727"
"4.65 	2.1 	-3029.803507349439"
"4.7 	2.2 	-3029.6395396399594"
"4.75 	2.3 	-3029.4979859574473"
"4.8 	2.4 	-3029.3748516689548"
"4.85 	2.5 	-3029.2742837912483"
"4.9 	2.6 	-3029.1852208918135"
"4.95 	2.7 	-3029.110843982853"
"5 	2.8 	-3029.0493462276672"
"5.05 	2.9 	-3028.998860924483"
"5.1 	3 	-3028.9576247748328"
"5.15 	3.1 	-3028.930726309788"
"5.2 	3.2 	-3028.9106062035116"
"5.25 	3.3 	-3028.8660801960737"
"5.3 	3.4 	-3028.8479029834784"
"5.35 	3.5 	-3028.8330700514643"
"5.4 	3.6 	-3028.8209147208263"
"5.45 	3.7 	-3028.810903648201"
"5.5 	3.8 	-3028.80260961467"
"5.55 	3.9 	-3028.7956924777814"
"5.6 	4 	-3028.7898855658536"
"5.65 	4.1 	-3028.784971187718"
"5.7 	4.2 	-3028.7807806327187"
"5.75 	4.3 	-3028.7771805650145"
"5.800000000000001 	4.4 	-3028.7740675813006"
"5.85 	4.5 	-3028.7713600473885"
"5.9 	4.6 	-3028.768987213649"
"5.95 	4.7 	-3028.7669055418473"
"6 	4.8 	-3028.76507149375"
"4.05 	0.7 	-2976.951895717974"
"4.1000000000000005 	0.8 	-3005.1325290933805"
"4.15 	0.9 	-3018.5289415748357"
"4.2 	1 	-3025.7400894348975"
"4.3 	1.2 	-3030.9849526973317"
"4.3500000000000005 	1.3 	-3031.6084283681935"
"4.4 	1.4 	-3031.7272741406605"
"4.45 	1.5 	-3031.608910009905"
"4.5 	1.6 	-3031.2598041247793"
"4.55 	1.7 	-3030.748961864654"
"4.6000000000000005 	1.8 	-3030.432759999693"
"4.65 	1.9 	-3030.263205790594"
"4.7 	2 	-3030.0039737045076"
"4.800000000000001 	2.2 	-3029.6393382756282"
"4.85 	2.3 	-3029.497811804512"
"4.9 	2.4 	-3029.374704727416"
"4.95 	2.5 	-3029.2734810550637"
"5 	2.6 	-3029.184371896255"
"5.050000000000001 	2.7 	-3029.109951449061"
"5.1 	2.8 	-3029.04841831906"
"5.15 	2.9 	-3028.99790308334"
"5.2 	3 	-3028.956642443434"
"5.25 	3.1 	-3028.9230663017856"
"5.300000000000001 	3.2 	-3028.90985244784"
"5.35 	3.3 	-3028.866145503424"
"5.4 	3.4 	-3028.847981896527"
"5.45 	3.5 	-3028.8331598490713"
"5.5 	3.6 	-3028.821012681852"
"5.550000000000001 	3.7 	-3028.8110097726462"
"5.6 	3.8 	-3028.8027239025337"
"5.65 	3.9 	-3028.795814929064"
"5.7 	4 	-3028.7900107382757"
"5.75 	4.1 	-3028.7851018024194"
"5.800000000000001 	4.2 	-3028.7809194108386"
"5.85 	4.3 	-3028.777327506554"
"5.9 	4.4 	-3028.7742199651193"
"5.95 	4.5 	-3028.7715151523466"
"6 	4.6 	-3028.769147760886"
"6.050000000000001 	4.7 	-3028.7670715313634"
"4.1499999999999995 	0.7 	-2976.913364381096"
"4.2 	0.8 	-3005.0202875267473"
"4.25 	0.9 	-3018.52849530794"
"4.3 	1 	-3025.739624120024"
"4.35 	1.1 	-3029.366424299583"
"4.3999999999999995 	1.2 	-3030.984492824737"
"4.45 	1.3 	-3031.608586194291"
"4.5 	1.4 	-3031.729641532121"
"4.55 	1.5 	-3031.6085426560576"
"4.6 	1.6 	-3031.2595646644936"
"4.7 	1.8 	-3030.432313732797"
"4.75 	1.9 	-3030.2629989839834"
"4.8 	2 	-3030.0037151962447"
"4.85 	2.1 	-3029.803052919124"
"4.9 	2.2 	-3029.639128747878"
"4.949999999999999 	2.3 	-3029.4976267670186"
"5 	2.4 	-3029.37809798851"
"5.05 	2.5 	-3029.272779001044"
"5.1 	2.6 	-3029.183631746281"
"5.15 	2.7 	-3029.109175924272"
"5.199999999999999 	2.8 	-3029.0476128617356"
"5.25 	2.9 	-3028.9970704146194"
"5.3 	3 	-3028.955790726736"
"5.4 	3.2 	-3028.89491883366"
"5.449999999999999 	3.3 	-3028.8661672725407"
"5.5 	3.4 	-3028.848011829063"
"5.55 	3.5 	-3028.833200666166"
"5.6 	3.6 	-3028.8210616623655"
"5.699999999999999 	3.8 	-3028.802783767605"
"5.75 	3.9 	-3028.795882957554"
"5.8 	4 	-3028.7900842090453"
"5.85 	4.1 	-3028.785180715468"
"5.9 	4.2 	-3028.781001045027"
"5.949999999999999 	4.3 	-3028.7774145830213"
"6 	4.4 	-3028.7743124838657"
"6.05 	4.5 	-3028.771610392233"
"6.1 	4.6 	-3028.7692511641912"
"6.15 	4.7 	-3028.767177655808"
"6.199999999999999 	4.8 	-3028.76535177113"
"4.25 	0.7 	-2976.87615007579"
"4.3 	0.8 	-3005.131133148761"
"4.35 	0.9 	-3018.5280626467415"
"4.4 	1 	-3025.739213227943"
"4.45 	1.1 	-3029.366010686362"
"4.6 	1.4 	-3031.7266673265276"
"4.7 	1.6 	-3031.259178262669"
"4.8 	1.8 	-3030.431921888693"
"4.85 	1.9 	-3030.262778571675"
"4.9 	2 	-3030.003456687982"
"4.95 	2.1 	-3029.802818901118"
"5 	2.2 	-3029.641047151303"
"5.05 	2.3 	-3029.4974390083858"
"5.1 	2.4 	-3029.3743836329418"
"5.15 	2.5 	-3029.272164023492"
"5.2 	2.6 	-3029.1829813939144"
"5.25 	2.7 	-3029.108498360509"
"5.3 	2.8 	-3029.0469108077164"
"5.35 	2.9 	-3028.9963465914834"
"5.4 	3 	-3028.955047855622"
"5.45 	3.1 	-3028.9214417814387"
"5.5 	3.2 	-3028.89415147229"
"5.55 	3.3 	-3028.8661591091222"
"5.6 	3.4 	-3028.8480145502026"
"5.65 	3.5 	-3028.8332088295847"
"5.7 	3.6 	-3028.821077989203"
"5.75 	3.7 	-3028.811088685695"
"5.8 	3.8 	-3028.8028137001406"
"5.85 	3.9 	-3028.7959156112292"
"5.9 	4 	-3028.790122305"
"5.949999999999999 	4.1 	-3028.785224253702"
"6 	4.2 	-3028.78105002554"
"6.05 	4.3 	-3028.7774662846737"
"6.1 	4.4 	-3028.7810119295855"
"6.15 	4.5 	-3028.7716702573043"
"6.199999999999999 	4.6 	-3028.7693110292626"
"6.25 	4.7 	-3028.767242963159"
"4.35 	0.7 	-2976.840954856074"
"4.4 	0.8 	-3005.130572594001"
"4.45 	0.9 	-3018.5276789660566"
"4.5 	1 	-3025.7388458740957"
"4.7 	1.4 	-3031.726773450972"
"4.75 	1.5 	-3031.6078569288757"
"4.8 	1.6 	-3031.2588734950327"
"4.85 	1.7 	-3030.7463141958137"
"4.9 	1.8 	-3030.4315490925665"
"4.95 	1.9 	-3030.2625527170876"
"5 	2 	-3030.003203621998"
"5.05 	2.1 	-3029.80259304653"
"5.1 	2.2 	-3029.6387151346576"
"5.15 	2.3 	-3029.4972594131714"
"5.2 	2.4 	-3029.3742258068446"
"5.25 	2.5 	-3029.271614353291"
"5.3 	2.6 	-3029.1824072334566"
"5.35 	2.7 	-3029.107899709795"
"5.4 	2.8 	-3029.046290387885"
"5.45 	2.9 	-3028.9957098448144"
"5.5 	3 	-3028.9543975032557"
"5.55 	3.1 	-3028.920777823374"
"5.6 	3.2 	-3028.8934793508065"
"5.65 	3.3 	-3028.8661318977256"
"5.7 	3.4 	-3028.8479955022253"
"5.75 	3.5 	-3028.833197945026"
"5.8 	3.6 	-3028.821072546924"
"5.85 	3.7 	-3028.811088685695"
"5.9 	3.8 	-3028.80281914242"
"5.95 	3.9 	-3028.7959237746486"
"6 	4 	-3028.7901359106977"
"6.05 	4.1 	-3028.785243301679"
"6.1 	4.2 	-3028.786903196841"
"6.15 	4.3 	-3028.7833629942083"
"6.2 	4.4 	-3028.774394118054"
"6.25 	4.5 	-3028.77170018984"
"6.3 	4.6 	-3028.769346404077"
"6.35 	4.7 	-3028.767278337974"
"4.449999999999999 	0.7 	-2976.8089433697023"
"4.5 	0.8 	-3005.0184099404164"
"4.55 	0.9 	-3018.5273415447455"
"4.6499999999999995 	1.1 	-3029.365305911203"
"4.699999999999999 	1.2 	-3030.9833744363577"
"4.8 	1.4 	-3031.7268795754167"
"4.85 	1.5 	-3031.6080229183917"
"4.8999999999999995 	1.6 	-3031.258816351101"
"5 	1.8 	-3030.4312062289755"
"5.05 	1.9 	-3030.2623268625"
"5.1 	2 	-3030.0029559982936"
"5.1499999999999995 	2.1 	-3029.8023726342217"
"5.199999999999999 	2.2 	-3029.638516491466"
"5.25 	2.3 	-3029.4991424417813"
"5.35 	2.5 	-3029.271127269301"
"5.3999999999999995 	2.6 	-3029.1818956592097"
"5.449999999999999 	2.7 	-3029.1073663664315"
"5.5 	2.8 	-3029.045740717684"
"5.55 	2.9 	-3028.9951438477756"
"5.6 	3 	-3028.953820621658"
"5.6499999999999995 	3.1 	-3028.920192778358"
"5.699999999999999 	3.2 	-3028.8928861423715"
"5.75 	3.3 	-3028.8660910806316"
"5.8 	3.4 	-3028.8479628485497"
"5.85 	3.5 	-3028.83317073363"
"5.8999999999999995 	3.6 	-3028.8210507778067"
"5.949999999999999 	3.7 	-3028.811072358857"
"6.05 	3.9 	-3028.795918332369"
"6.1 	4 	-3028.790133189558"
"6.1499999999999995 	4.1 	-3028.785243301679"
"6.199999999999999 	4.2 	-3028.7862854981495"
"6.25 	4.3 	-3028.7827425743776"
"6.3 	4.4 	-3028.7744050026126"
"6.35 	4.5 	-3028.777025460057"
"6.3999999999999995 	4.6 	-3028.769362730915"
"4.55 	0.7 	-2976.7819659916086"
"4.6000000000000005 	0.8 	-3005.0179419044034"
"4.65 	0.9 	-3018.527047661667"
"4.7 	1 	-3025.738214569706"
"4.75 	1.1 	-3029.365003864706"
"4.8 	1.2 	-3030.983066947582"
"4.9 	1.4 	-3031.7347463900296"
"4.95 	1.5 	-3031.607573930356"
"5 	1.6 	-3031.2589279178246"
"5.05 	1.7 	-3030.744588993301"
"5.15 	1.9 	-3030.262111892471"
"5.2 	2 	-3030.0027219802873"
"5.25 	2.1 	-3029.802160385332"
"5.300000000000001 	2.2 	-3029.638328732833"
"5.35 	2.3 	-3029.4987451553984"
"5.4 	2.4 	-3029.3739183180687"
"5.45 	2.5 	-3029.270686444684"
"5.5 	2.6 	-3029.181435786616"
"5.550000000000001 	2.7 	-3029.1068901669996"
"5.6 	2.8 	-3029.0452509125544"
"5.65 	2.9 	-3028.9946431580875"
"5.7 	3 	-3028.9533090474115"
"5.75 	3.1 	-3028.919675761832"
"5.800000000000001 	3.2 	-3028.8923609624267"
"5.85 	3.3 	-3028.866042100119"
"5.9 	3.4 	-3028.8479193103162"
"5.95 	3.5 	-3028.833132637675"
"6 	3.6 	-3028.8210208452715"
"6.050000000000001 	3.7 	-3028.811045147461"
"6.1 	3.8 	-3028.8027864887445"
"6.15 	3.9 	-3028.795899284392"
"6.2 	4 	-3028.7901195838604"
"6.25 	4.1 	-3028.789869239016"
"6.300000000000001 	4.2 	-3028.7857412702274"
"6.35 	4.3 	-3028.782198346455"
"6.4 	4.4 	-3028.774402281473"
"6.45 	4.5 	-3028.7764785109953"
"6.5 	4.6 	-3028.7741546577686"
"6.550000000000001 	4.7 	-3028.7673028282306"
"4.6499999999999995 	0.7 	-2976.7564144906705"
"4.7 	0.8 	-3005.129269168128"
"4.75 	0.9 	-3018.5267728265667"
"4.8 	1 	-3025.7379424557453"
"4.85 	1.1 	-3029.3647235873264"
"4.8999999999999995 	1.2 	-3030.982783949062"
"5 	1.4 	-3031.7394349135775"
"5.05 	1.5 	-3031.6070242601545"
"5.1 	1.6 	-3031.258500698906"
"5.2 	1.8 	-3030.430626626239"
"5.25 	1.9 	-3030.2618996435813"
"5.3 	2 	-3030.0024961256995"
"5.4 	2.2 	-3029.6381491376183"
"5.449999999999999 	2.3 	-3029.498388686109"
"5.5 	2.4 	-3029.375738760468"
"5.55 	2.5 	-3029.2680170067265"
"5.6 	2.6 	-3029.181024894535"
"5.65 	2.7 	-3029.1064656692206"
"5.699999999999999 	2.8 	-3029.044812809077"
"5.75 	2.9 	-3028.9941941700517"
"5.8 	3 	-3028.952854617097"
"5.85 	3.1 	-3028.9192131680984"
"5.9 	3.2 	-3028.8918956475536"
"5.949999999999999 	3.3 	-3028.8659903984662"
"6 	3.4 	-3028.8478703298033"
"6.05 	3.5 	-3028.833091820581"
"6.1 	3.6 	-3028.820982749317"
"6.15 	3.7 	-3028.8110124937857"
"6.25 	3.9 	-3028.795874794135"
"6.3 	4 	-3028.790097814743"
"6.4 	4.2 	-3028.7852596285165"
"6.449999999999999 	4.3 	-3028.781719425884"
"4.75 	0.7 	-2976.7308221726385"
"4.800000000000001 	0.8 	-3005.0171609373356"
"4.8500000000000005 	0.9 	-3018.5265224817226"
"4.9 	1 	-3025.737692110901"
"4.95 	1.1 	-3029.3644705213433"
"5 	1.2 	-3030.982598911569"
"5.1000000000000005 	1.4 	-3031.7345504679774"
"5.15 	1.5 	-3031.6067140502396"
"5.2 	1.6 	-3031.258171441013"
"5.300000000000001 	1.8 	-3030.4303762813947"
"5.3500000000000005 	1.9 	-3030.2617010003896"
"5.4 	2 	-3030.0022865979495"
"5.45 	2.1 	-3029.801771262368"
"5.5 	2.2 	-3029.6379777058232"
"5.550000000000001 	2.3 	-3029.4980675916354"
"5.6000000000000005 	2.4 	-3029.3753986180163"
"5.65 	2.5 	-3029.2678945554444"
"5.7 	2.6 	-3029.1806548195477"
"5.75 	2.7 	-3029.1060819885356"
"5.800000000000001 	2.8 	-3029.0444182438337"
"5.8500000000000005 	2.9 	-3028.993794162529"
"5.9 	3 	-3028.952446446155"
"5.95 	3.1 	-3028.9188022760172"
"6 	3.2 	-3028.8914820343325"
"6.050000000000001 	3.3 	-3028.8693020253713"
"6.1000000000000005 	3.4 	-3028.84782134929"
"6.15 	3.5 	-3028.833045561208"
"6.2 	3.6 	-3028.820941932223"
"6.25 	3.7 	-3028.810974397831"
"6.300000000000001 	3.8 	-3028.802721181394"
"6.3500000000000005 	3.9 	-3028.79584214046"
"6.4 	4 	-3028.790070603347"
"6.45 	4.1 	-3028.788963099526"
"6.5 	4.2 	-3028.7848351307375"
"6.550000000000001 	4.3 	-3028.781292206965"
"6.6000000000000005 	4.4 	-3028.7782309249037"
"6.65 	4.5 	-3028.7716893052816"
"4.85 	0.7 	-2976.7067346448107"
"4.9 	0.8 	-3005.1286215369005"
"4.95 	0.9 	-3018.526296627135"
"5 	1 	-3025.7374662563134"
"5.05 	1.1 	-3029.364239224476"
"5.1 	1.2 	-3030.9823023073513"
"5.25 	1.5 	-3031.6067766364504"
"5.3 	1.6 	-3031.2578966059127"
"5.4 	1.8 	-3030.4301477056674"
"5.55 	2.1 	-3029.8015943882933"
"5.6 	2.2 	-3029.637819879726"
"5.65 	2.3 	-3029.497779150837"
"5.7 	2.4 	-3029.37509657152"
"5.75 	2.5 	-3029.2677802675807"
"5.8 	2.6 	-3029.1782493321325"
"5.85 	2.7 	-3029.103456088812"
"5.9 	2.8 	-3029.044067216824"
"5.95 	2.9 	-3028.9934349721007"
"6 	3 	-3028.952084534587"
"6.05 	3.1 	-3028.9184349221696"
"6.1 	3.2 	-3028.891109238206"
"6.15 	3.3 	-3028.868929229245"
"6.2 	3.4 	-3028.8477723687774"
"6.25 	3.5 	-3028.8329993018347"
"6.3 	3.6 	-3028.820898393989"
"6.35 	3.7 	-3028.8109363018766"
"6.4 	3.8 	-3028.802685806579"
"6.45 	3.9 	-3028.7958122079244"
"6.5 	4 	-3028.793433931905"
"6.55 	4.1 	-3028.78858486112"
"6.6 	4.2 	-3028.784454171192"
"6.65 	4.3 	-3028.7809139685596"
"6.7 	4.4 	-3028.777852686498"
"6.75 	4.5 	-3028.7716702573043"
"4.949999999999999 	0.7 	-2976.6844893284992"
"5 	0.8 	-3005.016535075225"
"5.05 	0.9 	-3018.5260898205242"
"5.1 	1 	-3025.737259449703"
"5.1499999999999995 	1.1 	-3029.364029696726"
"5.199999999999999 	1.2 	-3030.9820873373224"
"5.3 	1.4 	-3031.7256496203136"
"5.35 	1.5 	-3031.6065861566776"
"5.3999999999999995 	1.6 	-3031.2576598667665"
"5.449999999999999 	1.7 	-3030.74243385073"
"5.5 	1.8 	-3030.4299735527325"
"5.6499999999999995 	2.1 	-3029.801433841056"
"5.699999999999999 	2.2 	-3029.637672938187"
"5.75 	2.3 	-3029.4975179214343"
"5.8 	2.4 	-3029.3748217364196"
"5.85 	2.5 	-3029.269334038298"
"5.8999999999999995 	2.6 	-3029.178154092246"
"5.949999999999999 	2.7 	-3029.1033690123445"
"6 	2.8 	-3029.043751564629"
"6.05 	2.9 	-3028.9931165987664"
"6.1 	3 	-3028.9517579978337"
"6.1499999999999995 	3.1 	-3028.918105664277"
"6.199999999999999 	3.2 	-3028.8907799803133"
"6.25 	3.3 	-3028.868594529073"
"6.3 	3.4 	-3028.847723388264"
"6.35 	3.5 	-3028.8329557636007"
"6.449999999999999 	3.7 	-3028.810898205922"
"6.5 	3.8 	-3028.802650431764"
"6.6 	4 	-3028.793096510594"
"6.6499999999999995 	4.1 	-3028.7882474398084"
"6.699999999999999 	4.2 	-3028.7841167498805"
"6.75 	4.3 	-3028.780573826108"
"6.85 	4.5 	-3028.7716484881876"
"5.05 	0.7 	-2976.66411071396"
"5.1000000000000005 	0.8 	-3005.128093635816"
"5.15 	0.9 	-3018.5259102253103"
"5.2 	1 	-3025.73707169107"
"5.25 	1.1 	-3029.3638392169537"
"5.3 	1.2 	-3030.981902299829"
"5.4 	1.4 	-3031.7327109776015"
"5.45 	1.5 	-3031.606422888301"
"5.5 	1.6 	-3031.25798368238"
"5.6000000000000005 	1.8 	-3030.4297912363786"
"5.65 	1.9 	-3030.2611867050036"
"5.7 	2 	-3030.0017559757257"
"5.75 	2.1 	-3029.801284178378"
"5.800000000000001 	2.2 	-3029.637539602346"
"5.9 	2.4 	-3029.3745768338545"
"5.95 	2.5 	-3029.2690782511745"
"6 	2.6 	-3029.1780642946387"
"6.050000000000001 	2.7 	-3029.1051568010685"
"6.1 	2.8 	-3029.0434712872493"
"6.15 	2.9 	-3028.990675736536"
"6.2 	3 	-3028.9514668358956"
"6.25 	3.1 	-3028.9178117811994"
"6.300000000000001 	3.2 	-3028.8904833760957"
"6.35 	3.3 	-3028.868295203716"
"6.4 	3.4 	-3028.8502567692412"
"6.5 	3.6 	-3028.8208194809404"
"6.550000000000001 	3.7 	-3028.810862831107"
"6.6 	3.8 	-3028.802617778089"
"6.65 	3.9 	-3028.7957469005737"
"6.7 	4 	-3028.792794464097"
"6.85 	4.3 	-3028.7802717796117"
"6.95 	4.5 	-3028.7716267190704"
"5.1499999999999995 	0.7 	-2976.645528051563"
"5.2 	0.8 	-3005.1278677812284"
"5.25 	0.9 	-3018.5257360723754"
"5.3 	1 	-3025.7369002592745"
"5.35 	1.1 	-3029.3636677851578"
"5.3999999999999995 	1.2 	-3030.981730868033"
"5.45 	1.3 	-3031.607258278161"
"5.5 	1.4 	-3031.726397933706"
"5.55 	1.5 	-3031.606256898785"
"5.6 	1.6 	-3031.257553742322"
"5.6499999999999995 	1.7 	-3030.7381154021687"
"5.7 	1.8 	-3030.4295953143264"
"5.75 	1.9 	-3030.2610424846043"
"5.8 	2 	-3030.001600870768"
"5.85 	2.1 	-3029.8011508425366"
"5.9 	2.2 	-3029.637419872203"
"5.949999999999999 	2.3 	-3029.4970770968175"
"6 	2.4 	-3029.3743591426855"
"6.05 	2.5 	-3029.2688469543077"
"6.1 	2.6 	-3029.17952282547"
"6.15 	2.7 	-3029.1049118985034"
"6.199999999999999 	2.8 	-3029.0432182212653"
"6.25 	2.9 	-3028.9906158714643"
"6.35 	3.1 	-3028.917547830657"
"6.4 	3.2 	-3028.890216704414"
"6.449999999999999 	3.3 	-3028.8680285320343"
"6.5 	3.4 	-3028.84998737642"
"6.55 	3.5 	-3028.8352741745484"
"6.6 	3.6 	-3028.8207841061253"
"6.65 	3.7 	-3028.810830177432"
"6.75 	3.9 	-3028.795716968038"
"6.8 	4 	-3028.7925223501356"
"6.85 	4.1 	-3028.787670558211"
"7 	4.4 	-3028.7769356624494"
"7.05 	4.5 	-3028.7716049499536"
"7.1 	4.6 	-3028.771950534684"
"5.25 	0.7 	-2976.6286324957246"
"5.300000000000001 	0.8 	-3005.1276636957577"
"5.3500000000000005 	0.9 	-3018.525583688557"
"5.4 	1 	-3025.7367478754563"
"5.45 	1.1 	-3029.36351540134"
"5.5 	1.2 	-3030.981575763076"
"5.6000000000000005 	1.4 	-3031.725524447891"
"5.65 	1.5 	-3031.605946688869"
"5.800000000000001 	1.8 	-3030.4294429305087"
"5.9 	2 	-3030.001467534927"
"5.95 	2.1 	-3029.801031112394"
"6 	2.2 	-3029.638026686336"
"6.050000000000001 	2.3 	-3029.4968893381842"
"6.1000000000000005 	2.4 	-3029.374163220634"
"6.15 	2.5 	-3029.268642868837"
"6.2 	2.6 	-3029.1793105765805"
"6.25 	2.7 	-3029.104691486195"
"6.300000000000001 	2.8 	-3029.041324308097"
"6.3500000000000005 	2.9 	-3028.974229168733"
"6.4 	3 	-3028.950974309626"
"6.45 	3.1 	-3028.917311091511"
"6.5 	3.2 	-3028.889979965268"
"6.550000000000001 	3.3 	-3028.8677890717486"
"6.6000000000000005 	3.4 	-3028.849747916134"
"6.65 	3.5 	-3028.8350319931233"
"6.7 	3.6 	-3028.82298278693"
"6.800000000000001 	3.8 	-3028.8025579130176"
"6.8500000000000005 	3.9 	-3028.795689756642"
"6.9 	4 	-3028.792277447571"
"7 	4.2 	-3028.783294965718"
"7.1000000000000005 	4.4 	-3028.776690759885"
"7.25 	4.7 	-3028.769664777412"
"5.35 	0.7 	-2976.6133043163018"
"5.4 	0.8 	-3005.015601724339"
"5.45 	0.9 	-3018.5254476315768"
"5.5 	1 	-3025.736611818476"
"5.55 	1.1 	-3029.3633766232197"
"5.6 	1.2 	-3030.9814505906534"
"5.7 	1.4 	-3031.7254047177485"
"5.75 	1.5 	-3031.6058269587265"
"5.8 	1.6 	-3031.25749659839"
"5.85 	1.7 	-3030.7412664818376"
"5.9 	1.8 	-3030.4293095946678"
"6 	2 	-3030.0016770626767"
"6.1 	2.2 	-3029.6372103444533"
"6.15 	2.3 	-3029.496723348668"
"6.2 	2.4 	-3029.3730148997183"
"6.25 	2.5 	-3029.2684605524832"
"6.3 	2.6 	-3029.1791200968078"
"6.35 	2.7 	-3029.1044955641432"
"6.45 	2.9 	-3028.992136988507"
"6.5 	3 	-3028.9490531850615"
"6.55 	3.1 	-3028.9171015637608"
"6.6 	3.2 	-3028.8879118991645"
"6.65 	3.3 	-3028.867574101719"
"6.7 	3.4 	-3028.8495302249653"
"6.8 	3.6 	-3028.8227650957615"
"6.85 	3.7 	-3028.8107730335"
"6.9 	3.8 	-3028.802533422761"
"6.95 	3.9 	-3028.7956679875247"
"7 	4 	-3028.7920570352626"
"7.05 	4.1 	-3028.7872052433377"
"7.1 	4.2 	-3028.7830745534097"
"7.2 	4.4 	-3028.7764703475764"
"7.3 	4.6 	-3028.771482498671"
